{"cameraMode":{"drawMode":0,"name":"Shaded","section":"Shading Mode"},"sceneLighting":false,"audioPlay":false,"sceneViewState":{"showFog":true,"showMaterialUpdate":false,"showSkybox":false,"showFlares":true,"showImageEffects":true,"showParticleSystems":true},"in2DMode":false,"pivot":{"x":18.989999771118165,"y":1.4874509572982789,"z":-47.63999938964844},"rotation":{"x":0.08859562128782273,"y":-0.6301634907722473,"z":0.07190360873937607,"w":0.7685428857803345},"size":2.857893466949463,"orthographic":false}