{"cameraMode":{"drawMode":0,"name":"Shaded","section":"Shading Mode"},"sceneLighting":true,"audioPlay":false,"sceneViewState":{"showFog":true,"showMaterialUpdate":false,"showSkybox":false,"showFlares":true,"showImageEffects":true,"showParticleSystems":true},"in2DMode":false,"pivot":{"x":2.4609906673431398,"y":1.50600004196167,"z":1.2818082571029664},"rotation":{"x":-0.08856590837240219,"y":0.727891206741333,"z":-0.09576410055160523,"w":-0.6732015013694763},"size":23.28165054321289,"orthographic":false}