{"cameraMode":{"drawMode":0,"name":"Shaded","section":"Shading Mode"},"sceneLighting":true,"audioPlay":false,"sceneViewState":{"showFog":true,"showMaterialUpdate":false,"showSkybox":true,"showFlares":true,"showImageEffects":true,"showParticleSystems":true},"in2DMode":false,"pivot":{"x":33.863059997558597,"y":1.3837862014770508,"z":-37.682594299316409},"rotation":{"x":0.046735431998968127,"y":0.7372989654541016,"z":-0.051113635301589969,"w":0.6720930337905884},"size":102.78240203857422,"orthographic":false}