{"cameraMode":{"drawMode":0,"name":"Shaded","section":"Shading Mode"},"sceneLighting":false,"audioPlay":false,"sceneViewState":{"showFog":true,"showMaterialUpdate":false,"showSkybox":false,"showFlares":true,"showImageEffects":true,"showParticleSystems":true},"in2DMode":false,"pivot":{"x":1549.9561767578125,"y":-856.0347900390625,"z":-611.279052734375},"rotation":{"x":0.12955281138420106,"y":-0.8242290616035461,"z":0.2152143120765686,"w":0.5082315802574158},"size":3939.0439453125,"orthographic":false}