{"cameraMode":{"drawMode":0,"name":"Shaded","section":"Shading Mode"},"sceneLighting":true,"audioPlay":false,"sceneViewState":{"showFog":true,"showMaterialUpdate":false,"showSkybox":true,"showFlares":true,"showImageEffects":true,"showParticleSystems":true},"in2DMode":false,"pivot":{"x":-123.2574691772461,"y":23.22275161743164,"z":-191.99342346191407},"rotation":{"x":0.2247624695301056,"y":-0.24541796743869782,"z":0.05832160636782646,"w":0.9413490295410156},"size":11.925186157226563,"orthographic":false}