{"cameraMode":{"drawMode":0,"name":"Shaded","section":"Shading Mode"},"sceneLighting":false,"audioPlay":false,"sceneViewState":{"showFog":true,"showMaterialUpdate":false,"showSkybox":false,"showFlares":true,"showImageEffects":true,"showParticleSystems":true},"in2DMode":false,"pivot":{"x":748.439697265625,"y":620.694580078125,"z":-61.25390625},"rotation":{"x":0.0021599174942821266,"y":0.9975554347038269,"z":-0.05724797397851944,"w":0.04370085150003433},"size":3769.420166015625,"orthographic":false}