{"cameraMode":{"drawMode":0,"name":"Shaded","section":"Shading Mode"},"sceneLighting":false,"audioPlay":false,"sceneViewState":{"showFog":true,"showMaterialUpdate":false,"showSkybox":true,"showFlares":true,"showImageEffects":true,"showParticleSystems":true},"in2DMode":false,"pivot":{"x":-266.739013671875,"y":-35.36051940917969,"z":-541.1538696289063},"rotation":{"x":0.008096701465547085,"y":-0.9825125336647034,"z":0.043046560138463977,"w":0.1816350370645523},"size":553.2562866210938,"orthographic":false}