{"cameraMode":{"drawMode":0,"name":"Shaded","section":"Shading Mode"},"sceneLighting":false,"audioPlay":false,"sceneViewState":{"showFog":true,"showMaterialUpdate":false,"showSkybox":false,"showFlares":true,"showImageEffects":true,"showParticleSystems":true},"in2DMode":false,"pivot":{"x":923.3424682617188,"y":461.49993896484377,"z":-4.5984296798706059},"rotation":{"x":-0.038338735699653628,"y":0.7252021431922913,"z":-0.04051728919148445,"w":-0.6862789988517761},"size":3870.84423828125,"orthographic":false}