{"cameraMode":{"drawMode":0,"name":"Shaded","section":"Shading Mode"},"sceneLighting":true,"audioPlay":false,"sceneViewState":{"showFog":true,"showMaterialUpdate":false,"showSkybox":true,"showFlares":true,"showImageEffects":true,"showParticleSystems":true},"in2DMode":false,"pivot":{"x":21.560413360595704,"y":11.834659576416016,"z":-17.680702209472658},"rotation":{"x":0.0011183855822309852,"y":0.998310923576355,"z":-0.05428176745772362,"w":0.027243157848715783},"size":31.658836364746095,"orthographic":false}