{"cameraMode":{"drawMode":0,"name":"Shaded","section":"Shading Mode"},"sceneLighting":false,"audioPlay":false,"sceneViewState":{"showFog":true,"showMaterialUpdate":false,"showSkybox":true,"showFlares":true,"showImageEffects":true,"showParticleSystems":true},"in2DMode":false,"pivot":{"x":34.833805084228519,"y":-4.052229881286621,"z":-627.4074096679688},"rotation":{"x":0.00105676066596061,"y":-0.9989346861839294,"z":0.02878987416625023,"w":0.03879320248961449},"size":553.2562866210938,"orthographic":false}