{"cameraMode":{"drawMode":0,"name":"Shaded","section":"Shading Mode"},"sceneLighting":false,"audioPlay":false,"sceneViewState":{"showFog":true,"showMaterialUpdate":false,"showSkybox":false,"showFlares":true,"showImageEffects":true,"showParticleSystems":true},"in2DMode":false,"pivot":{"x":38.05560302734375,"y":0.8273738026618958,"z":-11.019060134887696},"rotation":{"x":0.0750676766037941,"y":0.06725320219993592,"z":-0.005085031036287546,"w":0.9949185252189636},"size":22.0,"orthographic":false}