{"cameraMode":{"drawMode":0,"name":"Shaded","section":"Shading Mode"},"sceneLighting":true,"audioPlay":false,"sceneViewState":{"showFog":true,"showMaterialUpdate":false,"showSkybox":true,"showFlares":true,"showImageEffects":true,"showParticleSystems":true},"in2DMode":false,"pivot":{"x":-14.577089309692383,"y":13.251676559448243,"z":-26.412261962890626},"rotation":{"x":0.041888438165187839,"y":0.681460440158844,"z":-0.0390734039247036,"w":0.7297578454017639},"size":22.0,"orthographic":false}