{"cameraMode":{"drawMode":0,"name":"Shaded","section":"Shading Mode"},"sceneLighting":false,"audioPlay":false,"sceneViewState":{"showFog":true,"showMaterialUpdate":false,"showSkybox":false,"showFlares":true,"showImageEffects":true,"showParticleSystems":true},"in2DMode":false,"pivot":{"x":419.0,"y":161.49998474121095,"z":-10.101011276245118},"rotation":{"x":-0.0004503687669057399,"y":0.9698481559753418,"z":-0.006398150231689215,"w":-0.24481777846813203},"size":4047.212158203125,"orthographic":false}