{"cameraMode":{"drawMode":0,"name":"Shaded","section":"Shading Mode"},"sceneLighting":false,"audioPlay":true,"sceneViewState":{"showFog":true,"showMaterialUpdate":false,"showSkybox":false,"showFlares":true,"showImageEffects":true,"showParticleSystems":true},"in2DMode":false,"pivot":{"x":959.9998168945313,"y":461.5,"z":-24.614524841308595},"rotation":{"x":-0.09131311625242233,"y":0.7224201560020447,"z":-0.09728885442018509,"w":-0.6786747574806213},"size":3769.443603515625,"orthographic":false}