{"cameraMode":{"drawMode":0,"name":"Shaded","section":"Shading Mode"},"sceneLighting":true,"audioPlay":false,"sceneViewState":{"showFog":true,"showMaterialUpdate":false,"showSkybox":true,"showFlares":true,"showImageEffects":true,"showParticleSystems":true},"in2DMode":false,"pivot":{"x":13.486791610717774,"y":15.004571914672852,"z":14.316435813903809},"rotation":{"x":-0.025955745950341226,"y":0.9621807336807251,"z":-0.09878785908222199,"w":-0.2529509663581848},"size":11.916620254516602,"orthographic":false}