{"cameraMode":{"drawMode":0,"name":"Shaded","section":"Shading Mode"},"sceneLighting":true,"audioPlay":false,"sceneViewState":{"showFog":true,"showMaterialUpdate":false,"showSkybox":true,"showFlares":true,"showImageEffects":true,"showParticleSystems":true},"in2DMode":false,"pivot":{"x":-29.33789825439453,"y":9.203113555908204,"z":-43.36970901489258},"rotation":{"x":-0.04401655122637749,"y":-0.7909094095230103,"z":0.05543190985918045,"w":-0.6083189845085144},"size":43.94943618774414,"orthographic":false}